[{"text": "Storage Furniture", "children": [{"text": "Cabinet", "children": [{"text": "Cabinet frame", "children": [{"text": "Vertical side panel", "objs": ["original-11", "original-10"], "id": 40, "name": "vertical_side_panel"}, {"text": "Vertical side panel", "objs": ["original-15", "original-14"], "id": 41, "name": "vertical_side_panel"}, {"text": "Back panel", "objs": ["original-5"], "id": 42, "name": "back_panel"}, {"text": "Bottom panel", "objs": ["original-2"], "id": 43, "name": "bottom_panel"}, {"text": "Vertical support bar", "objs": ["original-3"], "id": 44, "name": "frame_vertical_bar"}, {"text": "Vertical support bar", "objs": ["original-7"], "id": 45, "name": "frame_vertical_bar"}, {"text": "Horizontal support bar", "objs": ["original-4"], "id": 46, "name": "frame_horizontal_bar"}, {"text": "Horizontal support bar", "objs": ["original-21"], "id": 47, "name": "frame_horizontal_bar"}, {"text": "Horizontal support bar", "objs": ["original-20"], "id": 48, "name": "frame_horizontal_bar"}, {"text": "Horizontal support bar", "objs": ["original-8"], "id": 49, "name": "frame_horizontal_bar"}, {"text": "Horizontal support bar", "objs": ["original-22"], "id": 50, "name": "frame_horizontal_bar"}, {"text": "Horizontal support bar", "objs": ["original-17"], "id": 51, "name": "frame_horizontal_bar"}, {"text": "Horizontal support bar", "objs": ["original-6"], "id": 52, "name": "frame_horizontal_bar"}, {"name": "other", "text": "rectangle (other)", "children": [{"objs": ["original-93"], "name": "other_leaf", "text": "other_leaf", "id": 54, "conf_score": "3", "low_conf_reason": "\u81ea\u5df1\u6807\u6ce8"}], "conf_score": "3", "id": 53, "low_conf_reason": "\u81ea\u5df1\u6807\u6ce8"}], "id": 2, "name": "cabinet_frame"}, {"text": "Cabinet Base", "children": [{"text": "Panel Base", "children": [{"text": "Base side panel", "objs": ["original-12"], "id": 36, "name": "base_side_panel"}, {"text": "Base side panel", "objs": ["original-18"], "id": 37, "name": "base_side_panel"}, {"text": "Base side panel", "objs": ["original-16"], "id": 38, "name": "base_side_panel"}, {"text": "Base side panel", "objs": ["original-19"], "id": 39, "name": "base_side_panel"}], "id": 35, "name": "panel_base"}], "id": 3, "name": "cabinet_base"}, {"text": "Drawer", "children": [{"text": "Drawer box", "conf_score": "2", "children": [{"text": "Drawer front", "objs": ["original-44", "original-26", "original-40", "original-35", "original-38", "original-39", "original-34", "original-36", "original-41", "original-37", "original-43"], "id": 28, "name": "drawer_front"}, {"text": "Drawer side", "objs": ["original-30"], "id": 29, "name": "drawer_side"}, {"text": "Drawer side", "objs": ["original-25"], "id": 30, "name": "drawer_side"}, {"text": "Drawer back", "objs": ["original-31"], "id": 31, "name": "drawer_back"}, {"text": "Drawer bottom", "objs": ["original-29", "original-28"], "id": 32, "name": "drawer_bottom"}, {"name": "other", "text": "rectangle (other)", "children": [{"objs": ["original-32"], "name": "other_leaf", "text": "other_leaf", "id": 34, "conf_score": "3", "low_conf_reason": "\u81ea\u5df1\u6807\u6ce8"}], "conf_score": "3", "id": 33, "low_conf_reason": "\u81ea\u5df1\u6807\u6ce8"}], "id": 26, "name": "drawer_box"}, {"text": "Handle", "objs": ["original-45"], "id": 27, "name": "handle"}], "id": 4, "name": "drawer"}, {"text": "Drawer", "children": [{"text": "Drawer box", "children": [{"text": "Drawer front", "objs": ["original-63", "original-58", "original-61", "original-60", "original-64", "original-59", "original-62", "original-57", "original-67", "original-49", "original-66"], "id": 19, "name": "drawer_front"}, {"text": "Drawer side", "objs": ["original-53"], "id": 20, "name": "drawer_side"}, {"text": "Drawer side", "objs": ["original-48"], "id": 21, "name": "drawer_side"}, {"text": "Drawer back", "objs": ["original-54"], "id": 22, "name": "drawer_back"}, {"text": "Drawer bottom", "objs": ["original-51", "original-52"], "id": 23, "name": "drawer_bottom"}, {"name": "other", "text": "rectangle (other)", "children": [{"objs": ["original-55"], "name": "other_leaf", "text": "other_leaf", "id": 25, "conf_score": "3", "low_conf_reason": "\u81ea\u5df1\u6807\u6ce8"}], "conf_score": "3", "id": 24, "low_conf_reason": "\u81ea\u5df1\u6807\u6ce8"}], "id": 17, "name": "drawer_box"}, {"text": "Handle", "objs": ["original-68"], "id": 18, "name": "handle"}], "id": 5, "name": "drawer"}, {"text": "Drawer", "children": [{"text": "Drawer box", "children": [{"text": "Drawer front", "objs": ["original-86", "original-90", "original-81", "original-87", "original-84", "original-83", "original-85", "original-80", "original-82", "original-72", "original-89"], "id": 10, "name": "drawer_front"}, {"text": "Drawer side", "objs": ["original-71"], "id": 11, "name": "drawer_side"}, {"text": "Drawer side", "objs": ["original-76"], "id": 12, "name": "drawer_side"}, {"text": "Drawer back", "objs": ["original-77"], "id": 13, "name": "drawer_back"}, {"text": "Drawer bottom", "objs": ["original-75", "original-74"], "id": 14, "name": "drawer_bottom"}, {"text": "rectangle (other)", "children": [{"objs": ["original-78"], "name": "other_leaf", "text": "other_leaf", "id": 16, "conf_score": "3", "low_conf_reason": "\u81ea\u5df1\u6807\u6ce8"}], "id": 15, "name": "other"}], "id": 7, "name": "drawer_box"}, {"text": "Handle", "objs": ["original-92"], "id": 8, "name": "handle"}, {"text": "Handle", "objs": ["original-91"], "id": 9, "name": "handle"}], "id": 6, "name": "drawer"}], "id": 1, "name": "cabinet"}], "id": 0, "name": "storage_furniture"}]