[{"children": [{"children": [{"children": [{"ori_id": 40, "objs": ["original-11", "original-10"], "name": "vertical_side_panel", "id": 3, "text": "vertical_side_panel"}, {"ori_id": 41, "objs": ["original-15", "original-14"], "name": "vertical_side_panel", "id": 4, "text": "vertical_side_panel"}, {"ori_id": 42, "objs": ["original-5"], "name": "back_panel", "id": 5, "text": "back_panel"}, {"ori_id": 43, "objs": ["original-2"], "name": "bottom_panel", "id": 6, "text": "bottom_panel"}, {"ori_id": 44, "objs": ["original-3"], "name": "frame_vertical_bar", "id": 7, "text": "frame_vertical_bar"}, {"ori_id": 45, "objs": ["original-7"], "name": "frame_vertical_bar", "id": 8, "text": "frame_vertical_bar"}, {"ori_id": 46, "objs": ["original-4"], "name": "frame_horizontal_bar", "id": 9, "text": "frame_horizontal_bar"}, {"ori_id": 47, "objs": ["original-21"], "name": "frame_horizontal_bar", "id": 10, "text": "frame_horizontal_bar"}, {"ori_id": 48, "objs": ["original-20"], "name": "frame_horizontal_bar", "id": 11, "text": "frame_horizontal_bar"}, {"ori_id": 49, "objs": ["original-8"], "name": "frame_horizontal_bar", "id": 12, "text": "frame_horizontal_bar"}, {"ori_id": 50, "objs": ["original-22"], "name": "frame_horizontal_bar", "id": 13, "text": "frame_horizontal_bar"}, {"ori_id": 51, "objs": ["original-17"], "name": "frame_horizontal_bar", "id": 14, "text": "frame_horizontal_bar"}, {"ori_id": 52, "objs": ["original-6"], "name": "frame_horizontal_bar", "id": 15, "text": "frame_horizontal_bar"}], "ori_id": 2, "text": "cabinet_frame", "objs": ["original-11", "original-10", "original-15", "original-14", "original-5", "original-2", "original-3", "original-7", "original-4", "original-21", "original-20", "original-8", "original-22", "original-17", "original-6", "original-93"], "id": 2, "name": "cabinet_frame"}, {"children": [{"children": [{"ori_id": 36, "objs": ["original-12"], "name": "base_side_panel", "id": 18, "text": "base_side_panel"}, {"ori_id": 37, "objs": ["original-18"], "name": "base_side_panel", "id": 19, "text": "base_side_panel"}, {"ori_id": 38, "objs": ["original-16"], "name": "base_side_panel", "id": 20, "text": "base_side_panel"}, {"ori_id": 39, "objs": ["original-19"], "name": "base_side_panel", "id": 21, "text": "base_side_panel"}], "ori_id": 35, "text": "panel_base", "objs": ["original-12", "original-18", "original-16", "original-19"], "id": 17, "name": "panel_base"}], "ori_id": 3, "text": "cabinet_base", "objs": ["original-12", "original-18", "original-16", "original-19"], "id": 16, "name": "cabinet_base"}, {"children": [{"children": [{"ori_id": 28, "objs": ["original-44", "original-26", "original-40", "original-35", "original-38", "original-39", "original-34", "original-36", "original-41", "original-37", "original-43"], "name": "drawer_front", "id": 24, "text": "drawer_front"}, {"ori_id": 29, "objs": ["original-30"], "name": "drawer_side", "id": 25, "text": "drawer_side"}, {"ori_id": 30, "objs": ["original-25"], "name": "drawer_side", "id": 26, "text": "drawer_side"}, {"ori_id": 31, "objs": ["original-31"], "name": "drawer_back", "id": 27, "text": "drawer_back"}, {"ori_id": 32, "objs": ["original-29", "original-28"], "name": "drawer_bottom", "id": 28, "text": "drawer_bottom"}], "ori_id": 26, "text": "drawer_box", "objs": ["original-44", "original-26", "original-40", "original-35", "original-38", "original-39", "original-34", "original-36", "original-41", "original-37", "original-43", "original-30", "original-25", "original-31", "original-29", "original-28", "original-32"], "id": 23, "name": "drawer_box"}, {"ori_id": 27, "objs": ["original-45"], "name": "handle", "id": 29, "text": "handle"}], "ori_id": 4, "text": "drawer", "objs": ["original-44", "original-26", "original-40", "original-35", "original-38", "original-39", "original-34", "original-36", "original-41", "original-37", "original-43", "original-30", "original-25", "original-31", "original-29", "original-28", "original-32", "original-45"], "id": 22, "name": "drawer"}, {"children": [{"children": [{"ori_id": 19, "objs": ["original-63", "original-58", "original-61", "original-60", "original-64", "original-59", "original-62", "original-57", "original-67", "original-49", "original-66"], "name": "drawer_front", "id": 32, "text": "drawer_front"}, {"ori_id": 20, "objs": ["original-53"], "name": "drawer_side", "id": 33, "text": "drawer_side"}, {"ori_id": 21, "objs": ["original-48"], "name": "drawer_side", "id": 34, "text": "drawer_side"}, {"ori_id": 22, "objs": ["original-54"], "name": "drawer_back", "id": 35, "text": "drawer_back"}, {"ori_id": 23, "objs": ["original-51", "original-52"], "name": "drawer_bottom", "id": 36, "text": "drawer_bottom"}], "ori_id": 17, "text": "drawer_box", "objs": ["original-63", "original-58", "original-61", "original-60", "original-64", "original-59", "original-62", "original-57", "original-67", "original-49", "original-66", "original-53", "original-48", "original-54", "original-51", "original-52", "original-55"], "id": 31, "name": "drawer_box"}, {"ori_id": 18, "objs": ["original-68"], "name": "handle", "id": 37, "text": "handle"}], "ori_id": 5, "text": "drawer", "objs": ["original-63", "original-58", "original-61", "original-60", "original-64", "original-59", "original-62", "original-57", "original-67", "original-49", "original-66", "original-53", "original-48", "original-54", "original-51", "original-52", "original-55", "original-68"], "id": 30, "name": "drawer"}, {"children": [{"children": [{"ori_id": 10, "objs": ["original-86", "original-90", "original-81", "original-87", "original-84", "original-83", "original-85", "original-80", "original-82", "original-72", "original-89"], "name": "drawer_front", "id": 40, "text": "drawer_front"}, {"ori_id": 11, "objs": ["original-71"], "name": "drawer_side", "id": 41, "text": "drawer_side"}, {"ori_id": 12, "objs": ["original-76"], "name": "drawer_side", "id": 42, "text": "drawer_side"}, {"ori_id": 13, "objs": ["original-77"], "name": "drawer_back", "id": 43, "text": "drawer_back"}, {"ori_id": 14, "objs": ["original-75", "original-74"], "name": "drawer_bottom", "id": 44, "text": "drawer_bottom"}], "ori_id": 7, "text": "drawer_box", "objs": ["original-86", "original-90", "original-81", "original-87", "original-84", "original-83", "original-85", "original-80", "original-82", "original-72", "original-89", "original-71", "original-76", "original-77", "original-75", "original-74", "original-78"], "id": 39, "name": "drawer_box"}, {"ori_id": 8, "objs": ["original-92"], "name": "handle", "id": 45, "text": "handle"}, {"ori_id": 9, "objs": ["original-91"], "name": "handle", "id": 46, "text": "handle"}], "ori_id": 6, "text": "drawer", "objs": ["original-86", "original-90", "original-81", "original-87", "original-84", "original-83", "original-85", "original-80", "original-82", "original-72", "original-89", "original-71", "original-76", "original-77", "original-75", "original-74", "original-78", "original-92", "original-91"], "id": 38, "name": "drawer"}], "ori_id": 1, "text": "cabinet", "objs": ["original-11", "original-10", "original-15", "original-14", "original-5", "original-2", "original-3", "original-7", "original-4", "original-21", "original-20", "original-8", "original-22", "original-17", "original-6", "original-93", "original-12", "original-18", "original-16", "original-19", "original-44", "original-26", "original-40", "original-35", "original-38", "original-39", "original-34", "original-36", "original-41", "original-37", "original-43", "original-30", "original-25", "original-31", "original-29", "original-28", "original-32", "original-45", "original-63", "original-58", "original-61", "original-60", "original-64", "original-59", "original-62", "original-57", "original-67", "original-49", "original-66", "original-53", "original-48", "original-54", "original-51", "original-52", "original-55", "original-68", "original-86", "original-90", "original-81", "original-87", "original-84", "original-83", "original-85", "original-80", "original-82", "original-72", "original-89", "original-71", "original-76", "original-77", "original-75", "original-74", "original-78", "original-92", "original-91"], "id": 1, "name": "cabinet"}], "ori_id": 0, "text": "storage_furniture", "objs": ["original-11", "original-10", "original-15", "original-14", "original-5", "original-2", "original-3", "original-7", "original-4", "original-21", "original-20", "original-8", "original-22", "original-17", "original-6", "original-93", "original-12", "original-18", "original-16", "original-19", "original-44", "original-26", "original-40", "original-35", "original-38", "original-39", "original-34", "original-36", "original-41", "original-37", "original-43", "original-30", "original-25", "original-31", "original-29", "original-28", "original-32", "original-45", "original-63", "original-58", "original-61", "original-60", "original-64", "original-59", "original-62", "original-57", "original-67", "original-49", "original-66", "original-53", "original-48", "original-54", "original-51", "original-52", "original-55", "original-68", "original-86", "original-90", "original-81", "original-87", "original-84", "original-83", "original-85", "original-80", "original-82", "original-72", "original-89", "original-71", "original-76", "original-77", "original-75", "original-74", "original-78", "original-92", "original-91"], "id": 0, "name": "storage_furniture"}]