[{"children": [{"children": [{"children": [{"objs": ["original-16", "original-15"], "id": 3, "name": "vertical_side_panel", "ori_id": 21, "text": "vertical_side_panel"}, {"objs": ["original-11", "original-12"], "id": 4, "name": "vertical_side_panel", "ori_id": 22, "text": "vertical_side_panel"}, {"objs": ["original-6", "original-59"], "id": 5, "name": "back_panel", "ori_id": 23, "text": "back_panel"}, {"objs": ["original-3", "original-9"], "id": 6, "name": "bottom_panel", "ori_id": 24, "text": "bottom_panel"}, {"objs": ["original-8"], "id": 7, "name": "frame_vertical_bar", "ori_id": 25, "text": "frame_vertical_bar"}, {"objs": ["original-4"], "id": 8, "name": "frame_vertical_bar", "ori_id": 26, "text": "frame_vertical_bar"}, {"objs": ["original-18"], "id": 9, "name": "frame_horizontal_bar", "ori_id": 35, "text": "frame_horizontal_bar"}, {"objs": ["original-5"], "id": 10, "name": "frame_horizontal_bar", "ori_id": 36, "text": "frame_horizontal_bar"}, {"objs": ["original-22"], "id": 11, "name": "frame_horizontal_bar", "ori_id": 37, "text": "frame_horizontal_bar"}, {"objs": ["original-21"], "id": 12, "name": "frame_horizontal_bar", "ori_id": 38, "text": "frame_horizontal_bar"}], "name": "cabinet_frame", "ori_id": 2, "id": 2, "objs": ["original-16", "original-15", "original-11", "original-12", "original-6", "original-59", "original-3", "original-9", "original-8", "original-4", "original-18", "original-5", "original-22", "original-21"], "text": "cabinet_frame"}, {"children": [{"children": [{"objs": ["original-19"], "id": 15, "name": "base_side_panel", "ori_id": 17, "text": "base_side_panel"}, {"objs": ["original-13"], "id": 16, "name": "base_side_panel", "ori_id": 18, "text": "base_side_panel"}, {"objs": ["original-20"], "id": 17, "name": "base_side_panel", "ori_id": 19, "text": "base_side_panel"}, {"objs": ["original-17"], "id": 18, "name": "base_side_panel", "ori_id": 20, "text": "base_side_panel"}], "name": "panel_base", "ori_id": 16, "id": 14, "objs": ["original-19", "original-13", "original-20", "original-17"], "text": "panel_base"}], "name": "cabinet_base", "ori_id": 3, "id": 13, "objs": ["original-19", "original-13", "original-20", "original-17"], "text": "cabinet_base"}, {"objs": ["original-2"], "id": 19, "name": "shelf", "ori_id": 4, "text": "shelf"}, {"children": [{"objs": ["original-57", "original-53", "original-47", "original-51", "original-48", "original-54", "original-52", "original-49", "original-50", "original-56"], "id": 21, "name": "cabinet_door_surface", "ori_id": 14, "text": "cabinet_door_surface"}, {"objs": ["original-58"], "id": 22, "name": "handle", "ori_id": 15, "text": "handle"}], "name": "cabinet_door", "ori_id": 5, "id": 20, "objs": ["original-57", "original-53", "original-47", "original-51", "original-48", "original-54", "original-52", "original-49", "original-50", "original-56", "original-58"], "text": "cabinet_door"}, {"children": [{"children": [{"objs": ["original-43", "original-7", "original-39", "original-36", "original-41", "original-35", "original-44", "original-26", "original-38", "original-40", "original-34", "original-37"], "id": 25, "name": "drawer_front", "ori_id": 9, "text": "drawer_front"}, {"objs": ["original-25"], "id": 26, "name": "drawer_side", "ori_id": 10, "text": "drawer_side"}, {"objs": ["original-30", "original-32"], "id": 27, "name": "drawer_side", "ori_id": 11, "text": "drawer_side"}, {"objs": ["original-31"], "id": 28, "name": "drawer_back", "ori_id": 12, "text": "drawer_back"}, {"objs": ["original-29", "original-28"], "id": 29, "name": "drawer_bottom", "ori_id": 13, "text": "drawer_bottom"}], "name": "drawer_box", "ori_id": 7, "id": 24, "objs": ["original-43", "original-7", "original-39", "original-36", "original-41", "original-35", "original-44", "original-26", "original-38", "original-40", "original-34", "original-37", "original-25", "original-30", "original-32", "original-31", "original-29", "original-28"], "text": "drawer_box"}, {"objs": ["original-45"], "id": 30, "name": "handle", "ori_id": 8, "text": "handle"}], "name": "drawer", "ori_id": 6, "id": 23, "objs": ["original-43", "original-7", "original-39", "original-36", "original-41", "original-35", "original-44", "original-26", "original-38", "original-40", "original-34", "original-37", "original-25", "original-30", "original-32", "original-31", "original-29", "original-28", "original-45"], "text": "drawer"}], "name": "cabinet", "ori_id": 1, "id": 1, "objs": ["original-16", "original-15", "original-11", "original-12", "original-6", "original-59", "original-3", "original-9", "original-8", "original-4", "original-18", "original-5", "original-22", "original-21", "original-19", "original-13", "original-20", "original-17", "original-2", "original-57", "original-53", "original-47", "original-51", "original-48", "original-54", "original-52", "original-49", "original-50", "original-56", "original-58", "original-43", "original-7", "original-39", "original-36", "original-41", "original-35", "original-44", "original-26", "original-38", "original-40", "original-34", "original-37", "original-25", "original-30", "original-32", "original-31", "original-29", "original-28", "original-45"], "text": "cabinet"}], "name": "storage_furniture", "ori_id": 0, "id": 0, "objs": ["original-16", "original-15", "original-11", "original-12", "original-6", "original-59", "original-3", "original-9", "original-8", "original-4", "original-18", "original-5", "original-22", "original-21", "original-19", "original-13", "original-20", "original-17", "original-2", "original-57", "original-53", "original-47", "original-51", "original-48", "original-54", "original-52", "original-49", "original-50", "original-56", "original-58", "original-43", "original-7", "original-39", "original-36", "original-41", "original-35", "original-44", "original-26", "original-38", "original-40", "original-34", "original-37", "original-25", "original-30", "original-32", "original-31", "original-29", "original-28", "original-45"], "text": "storage_furniture"}]