[{"text": "Storage Furniture", "children": [{"text": "Cabinet", "children": [{"text": "Cabinet frame", "children": [{"text": "Vertical side panel", "objs": ["original-16", "original-15"], "id": 21, "name": "vertical_side_panel"}, {"text": "Vertical side panel", "objs": ["original-11", "original-12"], "id": 22, "name": "vertical_side_panel"}, {"text": "Back panel", "objs": ["original-6", "original-59"], "id": 23, "name": "back_panel"}, {"text": "Bottom panel", "objs": ["original-3", "original-9"], "id": 24, "name": "bottom_panel"}, {"text": "Vertical support bar", "objs": ["original-8"], "id": 25, "name": "frame_vertical_bar"}, {"text": "Vertical support bar", "objs": ["original-4"], "id": 26, "name": "frame_vertical_bar"}, {"text": "Horizontal support bar", "objs": ["original-18"], "id": 35, "name": "frame_horizontal_bar"}, {"text": "Horizontal support bar", "objs": ["original-5"], "id": 36, "name": "frame_horizontal_bar"}, {"text": "Horizontal support bar", "objs": ["original-22"], "id": 37, "name": "frame_horizontal_bar"}, {"text": "Horizontal support bar", "objs": ["original-21"], "id": 38, "name": "frame_horizontal_bar"}], "id": 2, "name": "cabinet_frame"}, {"text": "Cabinet Base", "children": [{"text": "Panel Base", "children": [{"text": "Base side panel", "objs": ["original-19"], "id": 17, "name": "base_side_panel"}, {"text": "Base side panel", "objs": ["original-13"], "id": 18, "name": "base_side_panel"}, {"text": "Base side panel", "objs": ["original-20"], "id": 19, "name": "base_side_panel"}, {"text": "Base side panel", "objs": ["original-17"], "id": 20, "name": "base_side_panel"}], "id": 16, "name": "panel_base"}], "id": 3, "name": "cabinet_base"}, {"text": "Shelf", "objs": ["original-2"], "id": 4, "name": "shelf"}, {"text": "Cabinet door", "children": [{"text": "Cabinet door surface", "objs": ["original-57", "original-53", "original-47", "original-51", "original-48", "original-54", "original-52", "original-49", "original-50", "original-56"], "id": 14, "name": "cabinet_door_surface"}, {"text": "Handle", "objs": ["original-58"], "id": 15, "name": "handle"}], "id": 5, "name": "cabinet_door"}, {"text": "Drawer", "children": [{"text": "Drawer box", "children": [{"text": "Drawer front", "objs": ["original-43", "original-7", "original-39", "original-36", "original-41", "original-35", "original-44", "original-26", "original-38", "original-40", "original-34", "original-37"], "id": 9, "name": "drawer_front"}, {"text": "Drawer side", "objs": ["original-25"], "id": 10, "name": "drawer_side"}, {"text": "Drawer side", "objs": ["original-30", "original-32"], "id": 11, "name": "drawer_side"}, {"text": "Drawer back", "objs": ["original-31"], "id": 12, "name": "drawer_back"}, {"text": "Drawer bottom", "objs": ["original-29", "original-28"], "id": 13, "name": "drawer_bottom"}], "id": 7, "name": "drawer_box"}, {"text": "Handle", "objs": ["original-45"], "id": 8, "name": "handle"}], "id": 6, "name": "drawer"}], "id": 1, "name": "cabinet"}], "id": 0, "name": "storage_furniture"}]