[{"id":0,"parent":2,"joint":"hinge","name":"cabinet_door","parts":[{"id":14,"name":"cabinet_door_surface","children":[]},{"id":15,"name":"handle","children":[]}],"jointData":{"axis":{"origin":[-0.713215975953218,-0.4381567437914299,0.4281087589618656],"direction":[0,-1,-0.0006427854946180443]},"limit":{"a":0,"b":90,"noLimit":false}}},{"id":1,"parent":2,"joint":"slider","name":"drawer","parts":[{"id":9,"name":"drawer_front","children":[]},{"id":10,"name":"drawer_side","children":[]},{"id":11,"name":"drawer_side","children":[]},{"id":12,"name":"drawer_back","children":[]},{"id":13,"name":"drawer_bottom","children":[]},{"id":8,"name":"handle","children":[]}],"jointData":{"axis":{"origin":[-0.45165591822772844,0.458812481774617,-0.39739999175071716],"direction":[0,0,1]},"limit":{"a":0,"b":0.6400000000000001,"noLimit":false}}},{"id":2,"parent":-1,"joint":"heavy","name":"shelf","parts":[{"id":4,"name":"shelf","children":[]},{"id":27,"name":"frame_vertical_bar","children":[]},{"id":28,"name":"frame_vertical_bar","children":[]},{"id":29,"name":"frame_horizontal_bar","children":[]},{"id":30,"name":"frame_horizontal_bar","children":[]},{"id":31,"name":"frame_horizontal_bar","children":[]},{"id":32,"name":"frame_horizontal_bar","children":[]},{"id":33,"name":"frame_horizontal_bar","children":[]},{"id":34,"name":"frame_horizontal_bar","children":[]},{"id":35,"name":"vertical_side_panel","children":[]},{"id":36,"name":"vertical_side_panel","children":[]},{"id":37,"name":"vertical_front_panel","children":[]},{"id":38,"name":"back_panel","children":[]},{"id":39,"name":"bottom_panel","children":[]},{"id":17,"name":"base_side_panel","children":[]},{"id":18,"name":"base_side_panel","children":[]},{"id":19,"name":"base_side_panel","children":[]},{"id":20,"name":"base_side_panel","children":[]}],"jointData":{}}]