[{"ori_id": 0, "text": "storage_furniture", "name": "storage_furniture", "objs": ["original-4", "original-8", "original-9", "original-18", "original-22", "original-21", "original-5", "original-7", "original-12", "original-11", "original-16", "original-15", "original-23", "original-24", "original-6", "original-64", "original-3", "original-19", "original-13", "original-20", "original-17", "original-2", "original-62", "original-58", "original-56", "original-52", "original-53", "original-59", "original-57", "original-54", "original-55", "original-61", "original-63", "original-42", "original-45", "original-40", "original-37", "original-43", "original-36", "original-39", "original-38", "original-28", "original-46", "original-41", "original-27", "original-32", "original-34", "original-33", "original-31", "original-30", "original-48", "original-49", "original-50"], "children": [{"ori_id": 1, "text": "cabinet", "name": "cabinet", "objs": ["original-4", "original-8", "original-9", "original-18", "original-22", "original-21", "original-5", "original-7", "original-12", "original-11", "original-16", "original-15", "original-23", "original-24", "original-6", "original-64", "original-3", "original-19", "original-13", "original-20", "original-17", "original-2", "original-62", "original-58", "original-56", "original-52", "original-53", "original-59", "original-57", "original-54", "original-55", "original-61", "original-63", "original-42", "original-45", "original-40", "original-37", "original-43", "original-36", "original-39", "original-38", "original-28", "original-46", "original-41", "original-27", "original-32", "original-34", "original-33", "original-31", "original-30", "original-48", "original-49", "original-50"], "children": [{"ori_id": 2, "text": "cabinet_frame", "name": "cabinet_frame", "objs": ["original-4", "original-8", "original-9", "original-18", "original-22", "original-21", "original-5", "original-7", "original-12", "original-11", "original-16", "original-15", "original-23", "original-24", "original-6", "original-64", "original-3"], "children": [{"ori_id": 27, "text": "frame_vertical_bar", "name": "frame_vertical_bar", "objs": ["original-4"], "id": 3}, {"ori_id": 28, "text": "frame_vertical_bar", "name": "frame_vertical_bar", "objs": ["original-8"], "id": 4}, {"ori_id": 29, "text": "frame_horizontal_bar", "name": "frame_horizontal_bar", "objs": ["original-9"], "id": 5}, {"ori_id": 30, "text": "frame_horizontal_bar", "name": "frame_horizontal_bar", "objs": ["original-18"], "id": 6}, {"ori_id": 31, "text": "frame_horizontal_bar", "name": "frame_horizontal_bar", "objs": ["original-22"], "id": 7}, {"ori_id": 32, "text": "frame_horizontal_bar", "name": "frame_horizontal_bar", "objs": ["original-21"], "id": 8}, {"ori_id": 33, "text": "frame_horizontal_bar", "name": "frame_horizontal_bar", "objs": ["original-5"], "id": 9}, {"ori_id": 34, "text": "frame_horizontal_bar", "name": "frame_horizontal_bar", "objs": ["original-7"], "id": 10}, {"ori_id": 35, "text": "vertical_side_panel", "name": "vertical_side_panel", "objs": ["original-12", "original-11"], "id": 11}, {"ori_id": 36, "text": "vertical_side_panel", "name": "vertical_side_panel", "objs": ["original-16", "original-15"], "id": 12}, {"ori_id": 37, "text": "vertical_front_panel", "name": "vertical_front_panel", "objs": ["original-23", "original-24"], "id": 13}, {"ori_id": 38, "text": "back_panel", "name": "back_panel", "objs": ["original-6", "original-64"], "id": 14}, {"ori_id": 39, "text": "bottom_panel", "name": "bottom_panel", "objs": ["original-3"], "id": 15}], "id": 2}, {"ori_id": 3, "text": "cabinet_base", "name": "cabinet_base", "objs": ["original-19", "original-13", "original-20", "original-17"], "children": [{"ori_id": 16, "text": "panel_base", "name": "panel_base", "objs": ["original-19", "original-13", "original-20", "original-17"], "children": [{"ori_id": 17, "text": "base_side_panel", "name": "base_side_panel", "objs": ["original-19"], "id": 18}, {"ori_id": 18, "text": "base_side_panel", "name": "base_side_panel", "objs": ["original-13"], "id": 19}, {"ori_id": 19, "text": "base_side_panel", "name": "base_side_panel", "objs": ["original-20"], "id": 20}, {"ori_id": 20, "text": "base_side_panel", "name": "base_side_panel", "objs": ["original-17"], "id": 21}], "id": 17}], "id": 16}, {"ori_id": 4, "text": "shelf", "name": "shelf", "objs": ["original-2"], "id": 22}, {"ori_id": 5, "text": "cabinet_door", "name": "cabinet_door", "objs": ["original-62", "original-58", "original-56", "original-52", "original-53", "original-59", "original-57", "original-54", "original-55", "original-61", "original-63"], "children": [{"ori_id": 14, "text": "cabinet_door_surface", "name": "cabinet_door_surface", "objs": ["original-62", "original-58", "original-56", "original-52", "original-53", "original-59", "original-57", "original-54", "original-55", "original-61"], "id": 24}, {"ori_id": 15, "text": "handle", "name": "handle", "objs": ["original-63"], "id": 25}], "id": 23}, {"ori_id": 6, "text": "drawer", "name": "drawer", "objs": ["original-42", "original-45", "original-40", "original-37", "original-43", "original-36", "original-39", "original-38", "original-28", "original-46", "original-41", "original-27", "original-32", "original-34", "original-33", "original-31", "original-30", "original-48", "original-49", "original-50"], "children": [{"ori_id": 7, "text": "drawer_box", "name": "drawer_box", "objs": ["original-42", "original-45", "original-40", "original-37", "original-43", "original-36", "original-39", "original-38", "original-28", "original-46", "original-41", "original-27", "original-32", "original-34", "original-33", "original-31", "original-30"], "children": [{"ori_id": 9, "text": "drawer_front", "name": "drawer_front", "objs": ["original-42", "original-45", "original-40", "original-37", "original-43", "original-36", "original-39", "original-38", "original-28", "original-46", "original-41"], "id": 28}, {"ori_id": 10, "text": "drawer_side", "name": "drawer_side", "objs": ["original-27"], "id": 29}, {"ori_id": 11, "text": "drawer_side", "name": "drawer_side", "objs": ["original-32", "original-34"], "id": 30}, {"ori_id": 12, "text": "drawer_back", "name": "drawer_back", "objs": ["original-33"], "id": 31}, {"ori_id": 13, "text": "drawer_bottom", "name": "drawer_bottom", "objs": ["original-31", "original-30"], "id": 32}], "id": 27}, {"ori_id": 8, "text": "handle", "name": "handle", "objs": ["original-48", "original-49", "original-50"], "id": 33}], "id": 26}], "id": 1}], "id": 0}]