[{"id":0,"parent":3,"joint":"slider","name":"drawer","parts":[{"id":26,"name":"drawer_front","children":[]},{"id":27,"name":"drawer_side","children":[]},{"id":28,"name":"drawer_side","children":[]},{"id":29,"name":"drawer_back","children":[]},{"id":30,"name":"drawer_bottom","children":[]},{"id":32,"name":"other_leaf","children":[]},{"id":25,"name":"handle","children":[]}],"jointData":{"axis":{"origin":[0,0,0],"direction":[0,0,1]},"limit":{"a":0,"b":0.8679999999999999,"noLimit":false}}},{"id":1,"parent":3,"joint":"slider","name":"drawer","parts":[{"id":17,"name":"drawer_front","children":[]},{"id":18,"name":"drawer_side","children":[]},{"id":19,"name":"drawer_side","children":[]},{"id":20,"name":"drawer_back","children":[]},{"id":21,"name":"drawer_bottom","children":[]},{"id":23,"name":"other_leaf","children":[]},{"id":16,"name":"handle","children":[]}],"jointData":{"axis":{"origin":[0,0,0],"direction":[0,0,1]},"limit":{"a":0,"b":0.8679999999999999,"noLimit":false}}},{"id":2,"parent":3,"joint":"slider","name":"drawer","parts":[{"id":8,"name":"drawer_front","children":[]},{"id":9,"name":"drawer_side","children":[]},{"id":10,"name":"drawer_side","children":[]},{"id":11,"name":"drawer_back","children":[]},{"id":12,"name":"drawer_bottom","children":[]},{"id":14,"name":"other_leaf","children":[]},{"id":7,"name":"handle","children":[]}],"jointData":{"axis":{"origin":[0,0,0],"direction":[0,0,1]},"limit":{"a":0,"b":0.8679999999999999,"noLimit":false}}},{"id":3,"parent":-1,"joint":"heavy","name":"cabinet_frame","parts":[{"id":40,"name":"vertical_side_panel","children":[]},{"id":41,"name":"vertical_side_panel","children":[]},{"id":42,"name":"back_panel","children":[]},{"id":43,"name":"bottom_panel","children":[]},{"id":44,"name":"frame_vertical_bar","children":[]},{"id":45,"name":"frame_vertical_bar","children":[]},{"id":46,"name":"frame_horizontal_bar","children":[]},{"id":47,"name":"frame_horizontal_bar","children":[]},{"id":48,"name":"frame_horizontal_bar","children":[]},{"id":49,"name":"frame_horizontal_bar","children":[]},{"id":50,"name":"frame_horizontal_bar","children":[]},{"id":51,"name":"frame_horizontal_bar","children":[]},{"id":52,"name":"frame_horizontal_bar","children":[]},{"id":54,"name":"other_leaf","children":[]},{"id":36,"name":"base_side_panel","children":[]},{"id":37,"name":"base_side_panel","children":[]},{"id":38,"name":"base_side_panel","children":[]},{"id":39,"name":"base_side_panel","children":[]}],"jointData":{}}]