[{"text": "Storage Furniture", "children": [{"text": "Cabinet", "children": [{"text": "Drawer", "children": [{"text": "Drawer box", "children": [{"text": "Drawer front", "objs": ["original-41", "original-34", "original-42", "original-37", "original-44", "original-39", "original-35", "original-36", "original-43", "original-26", "original-40"], "id": 26, "name": "drawer_front"}, {"text": "Drawer side", "objs": ["original-30"], "id": 27, "name": "drawer_side"}, {"text": "Drawer side", "objs": ["original-25"], "id": 28, "name": "drawer_side"}, {"text": "Drawer back", "objs": ["original-31"], "id": 29, "name": "drawer_back"}, {"text": "Drawer bottom", "objs": ["original-29", "original-28"], "id": 30, "name": "drawer_bottom"}, {"name": "other", "text": "rectangle (other)", "children": [{"objs": ["original-32"], "name": "other_leaf", "text": "other_leaf", "id": 32, "conf_score": "3", "low_conf_reason": "\u81ea\u5df1\u6807\u6ce8"}], "conf_score": "3", "id": 31, "low_conf_reason": "\u81ea\u5df1\u6807\u6ce8"}], "id": 24, "name": "drawer_box"}, {"text": "Handle", "objs": ["original-48", "original-46", "original-47"], "id": 25, "name": "handle"}], "id": 3, "name": "drawer"}, {"text": "Drawer", "children": [{"text": "Drawer box", "children": [{"text": "Drawer front", "objs": ["original-67", "original-60", "original-68", "original-70", "original-63", "original-65", "original-61", "original-62", "original-69", "original-52", "original-66"], "id": 17, "name": "drawer_front"}, {"text": "Drawer side", "objs": ["original-56"], "id": 18, "name": "drawer_side"}, {"text": "Drawer side", "objs": ["original-51"], "id": 19, "name": "drawer_side"}, {"text": "Drawer back", "objs": ["original-57"], "id": 20, "name": "drawer_back"}, {"text": "Drawer bottom", "objs": ["original-55", "original-54"], "id": 21, "name": "drawer_bottom"}, {"name": "other", "text": "rectangle (other)", "children": [{"objs": ["original-58"], "name": "other_leaf", "text": "other_leaf", "id": 23, "conf_score": "3", "low_conf_reason": "\u81ea\u5df1\u6807\u6ce8"}], "conf_score": "3", "id": 22, "low_conf_reason": "\u81ea\u5df1\u6807\u6ce8"}], "id": 15, "name": "drawer_box"}, {"text": "Handle", "objs": ["original-74", "original-73", "original-72"], "id": 16, "name": "handle"}], "id": 4, "name": "drawer"}, {"text": "Drawer", "children": [{"text": "Drawer box", "children": [{"text": "Drawer front", "objs": ["original-89", "original-96", "original-86", "original-93", "original-92", "original-88", "original-95", "original-87", "original-91", "original-94", "original-78"], "id": 8, "name": "drawer_front"}, {"text": "Drawer side", "objs": ["original-82"], "id": 9, "name": "drawer_side"}, {"text": "Drawer side", "objs": ["original-77"], "id": 10, "name": "drawer_side"}, {"text": "Drawer back", "objs": ["original-83"], "id": 11, "name": "drawer_back"}, {"text": "Drawer bottom", "objs": ["original-81", "original-80"], "id": 12, "name": "drawer_bottom"}, {"name": "other", "text": "rectangle (other)", "children": [{"objs": ["original-84"], "name": "other_leaf", "text": "other_leaf", "id": 14, "conf_score": "3", "low_conf_reason": "\u81ea\u5df1\u6807\u6ce8"}], "conf_score": "3", "id": 13, "low_conf_reason": "\u81ea\u5df1\u6807\u6ce8"}], "id": 6, "name": "drawer_box"}, {"text": "Handle", "objs": ["original-100", "original-98", "original-99"], "id": 7, "name": "handle"}], "id": 5, "name": "drawer"}, {"text": "Cabinet frame", "children": [{"text": "Vertical side panel", "objs": ["original-11", "original-10"], "id": 40, "name": "vertical_side_panel"}, {"text": "Vertical side panel", "objs": ["original-15", "original-14"], "id": 41, "name": "vertical_side_panel"}, {"text": "Back panel", "objs": ["original-5"], "id": 42, "name": "back_panel"}, {"text": "Bottom panel", "objs": ["original-2"], "id": 43, "name": "bottom_panel"}, {"text": "Vertical support bar", "objs": ["original-3"], "id": 44, "name": "frame_vertical_bar"}, {"text": "Vertical support bar", "objs": ["original-7"], "id": 45, "name": "frame_vertical_bar"}, {"text": "Horizontal support bar", "objs": ["original-4"], "id": 46, "name": "frame_horizontal_bar"}, {"text": "Horizontal support bar", "objs": ["original-21"], "id": 47, "name": "frame_horizontal_bar"}, {"text": "Horizontal support bar", "objs": ["original-20"], "id": 48, "name": "frame_horizontal_bar"}, {"text": "Horizontal support bar", "objs": ["original-8"], "id": 49, "name": "frame_horizontal_bar"}, {"text": "Horizontal support bar", "objs": ["original-22"], "id": 50, "name": "frame_horizontal_bar"}, {"text": "Horizontal support bar", "objs": ["original-17"], "id": 51, "name": "frame_horizontal_bar"}, {"text": "Horizontal support bar", "objs": ["original-6"], "id": 52, "name": "frame_horizontal_bar"}, {"name": "other", "text": "rectangle (other)", "children": [{"objs": ["original-101"], "name": "other_leaf", "text": "other_leaf", "id": 54, "conf_score": "3", "low_conf_reason": "\u81ea\u5df1\u6807\u6ce8"}], "conf_score": "3", "id": 53, "low_conf_reason": "\u81ea\u5df1\u6807\u6ce8"}], "id": 33, "name": "cabinet_frame"}, {"text": "Cabinet Base", "children": [{"text": "Panel Base", "children": [{"text": "Base side panel", "objs": ["original-12"], "id": 36, "name": "base_side_panel"}, {"text": "Base side panel", "objs": ["original-18"], "id": 37, "name": "base_side_panel"}, {"text": "Base side panel", "objs": ["original-16"], "id": 38, "name": "base_side_panel"}, {"text": "Base side panel", "objs": ["original-19"], "id": 39, "name": "base_side_panel"}], "id": 35, "name": "panel_base"}], "id": 34, "name": "cabinet_base"}], "id": 1, "name": "cabinet"}], "id": 0, "name": "storage_furniture"}]