[{"children": [{"children": [{"children": [{"children": [{"objs": ["original-41", "original-34", "original-42", "original-37", "original-44", "original-39", "original-35", "original-36", "original-43", "original-26", "original-40"], "name": "drawer_front", "id": 4, "ori_id": 26, "text": "drawer_front"}, {"objs": ["original-30"], "name": "drawer_side", "id": 5, "ori_id": 27, "text": "drawer_side"}, {"objs": ["original-25"], "name": "drawer_side", "id": 6, "ori_id": 28, "text": "drawer_side"}, {"objs": ["original-31"], "name": "drawer_back", "id": 7, "ori_id": 29, "text": "drawer_back"}, {"objs": ["original-29", "original-28"], "name": "drawer_bottom", "id": 8, "ori_id": 30, "text": "drawer_bottom"}], "name": "drawer_box", "objs": ["original-41", "original-34", "original-42", "original-37", "original-44", "original-39", "original-35", "original-36", "original-43", "original-26", "original-40", "original-30", "original-25", "original-31", "original-29", "original-28", "original-32"], "id": 3, "ori_id": 24, "text": "drawer_box"}, {"objs": ["original-48", "original-46", "original-47"], "name": "handle", "id": 9, "ori_id": 25, "text": "handle"}], "name": "drawer", "objs": ["original-41", "original-34", "original-42", "original-37", "original-44", "original-39", "original-35", "original-36", "original-43", "original-26", "original-40", "original-30", "original-25", "original-31", "original-29", "original-28", "original-32", "original-48", "original-46", "original-47"], "id": 2, "ori_id": 3, "text": "drawer"}, {"children": [{"children": [{"objs": ["original-67", "original-60", "original-68", "original-70", "original-63", "original-65", "original-61", "original-62", "original-69", "original-52", "original-66"], "name": "drawer_front", "id": 12, "ori_id": 17, "text": "drawer_front"}, {"objs": ["original-56"], "name": "drawer_side", "id": 13, "ori_id": 18, "text": "drawer_side"}, {"objs": ["original-51"], "name": "drawer_side", "id": 14, "ori_id": 19, "text": "drawer_side"}, {"objs": ["original-57"], "name": "drawer_back", "id": 15, "ori_id": 20, "text": "drawer_back"}, {"objs": ["original-55", "original-54"], "name": "drawer_bottom", "id": 16, "ori_id": 21, "text": "drawer_bottom"}], "name": "drawer_box", "objs": ["original-67", "original-60", "original-68", "original-70", "original-63", "original-65", "original-61", "original-62", "original-69", "original-52", "original-66", "original-56", "original-51", "original-57", "original-55", "original-54", "original-58"], "id": 11, "ori_id": 15, "text": "drawer_box"}, {"objs": ["original-74", "original-73", "original-72"], "name": "handle", "id": 17, "ori_id": 16, "text": "handle"}], "name": "drawer", "objs": ["original-67", "original-60", "original-68", "original-70", "original-63", "original-65", "original-61", "original-62", "original-69", "original-52", "original-66", "original-56", "original-51", "original-57", "original-55", "original-54", "original-58", "original-74", "original-73", "original-72"], "id": 10, "ori_id": 4, "text": "drawer"}, {"children": [{"children": [{"objs": ["original-89", "original-96", "original-86", "original-93", "original-92", "original-88", "original-95", "original-87", "original-91", "original-94", "original-78"], "name": "drawer_front", "id": 20, "ori_id": 8, "text": "drawer_front"}, {"objs": ["original-82"], "name": "drawer_side", "id": 21, "ori_id": 9, "text": "drawer_side"}, {"objs": ["original-77"], "name": "drawer_side", "id": 22, "ori_id": 10, "text": "drawer_side"}, {"objs": ["original-83"], "name": "drawer_back", "id": 23, "ori_id": 11, "text": "drawer_back"}, {"objs": ["original-81", "original-80"], "name": "drawer_bottom", "id": 24, "ori_id": 12, "text": "drawer_bottom"}], "name": "drawer_box", "objs": ["original-89", "original-96", "original-86", "original-93", "original-92", "original-88", "original-95", "original-87", "original-91", "original-94", "original-78", "original-82", "original-77", "original-83", "original-81", "original-80", "original-84"], "id": 19, "ori_id": 6, "text": "drawer_box"}, {"objs": ["original-100", "original-98", "original-99"], "name": "handle", "id": 25, "ori_id": 7, "text": "handle"}], "name": "drawer", "objs": ["original-89", "original-96", "original-86", "original-93", "original-92", "original-88", "original-95", "original-87", "original-91", "original-94", "original-78", "original-82", "original-77", "original-83", "original-81", "original-80", "original-84", "original-100", "original-98", "original-99"], "id": 18, "ori_id": 5, "text": "drawer"}, {"children": [{"objs": ["original-11", "original-10"], "name": "vertical_side_panel", "id": 27, "ori_id": 40, "text": "vertical_side_panel"}, {"objs": ["original-15", "original-14"], "name": "vertical_side_panel", "id": 28, "ori_id": 41, "text": "vertical_side_panel"}, {"objs": ["original-5"], "name": "back_panel", "id": 29, "ori_id": 42, "text": "back_panel"}, {"objs": ["original-2"], "name": "bottom_panel", "id": 30, "ori_id": 43, "text": "bottom_panel"}, {"objs": ["original-3"], "name": "frame_vertical_bar", "id": 31, "ori_id": 44, "text": "frame_vertical_bar"}, {"objs": ["original-7"], "name": "frame_vertical_bar", "id": 32, "ori_id": 45, "text": "frame_vertical_bar"}, {"objs": ["original-4"], "name": "frame_horizontal_bar", "id": 33, "ori_id": 46, "text": "frame_horizontal_bar"}, {"objs": ["original-21"], "name": "frame_horizontal_bar", "id": 34, "ori_id": 47, "text": "frame_horizontal_bar"}, {"objs": ["original-20"], "name": "frame_horizontal_bar", "id": 35, "ori_id": 48, "text": "frame_horizontal_bar"}, {"objs": ["original-8"], "name": "frame_horizontal_bar", "id": 36, "ori_id": 49, "text": "frame_horizontal_bar"}, {"objs": ["original-22"], "name": "frame_horizontal_bar", "id": 37, "ori_id": 50, "text": "frame_horizontal_bar"}, {"objs": ["original-17"], "name": "frame_horizontal_bar", "id": 38, "ori_id": 51, "text": "frame_horizontal_bar"}, {"objs": ["original-6"], "name": "frame_horizontal_bar", "id": 39, "ori_id": 52, "text": "frame_horizontal_bar"}], "name": "cabinet_frame", "objs": ["original-11", "original-10", "original-15", "original-14", "original-5", "original-2", "original-3", "original-7", "original-4", "original-21", "original-20", "original-8", "original-22", "original-17", "original-6", "original-101"], "id": 26, "ori_id": 33, "text": "cabinet_frame"}, {"children": [{"children": [{"objs": ["original-12"], "name": "base_side_panel", "id": 42, "ori_id": 36, "text": "base_side_panel"}, {"objs": ["original-18"], "name": "base_side_panel", "id": 43, "ori_id": 37, "text": "base_side_panel"}, {"objs": ["original-16"], "name": "base_side_panel", "id": 44, "ori_id": 38, "text": "base_side_panel"}, {"objs": ["original-19"], "name": "base_side_panel", "id": 45, "ori_id": 39, "text": "base_side_panel"}], "name": "panel_base", "objs": ["original-12", "original-18", "original-16", "original-19"], "id": 41, "ori_id": 35, "text": "panel_base"}], "name": "cabinet_base", "objs": ["original-12", "original-18", "original-16", "original-19"], "id": 40, "ori_id": 34, "text": "cabinet_base"}], "name": "cabinet", "objs": ["original-41", "original-34", "original-42", "original-37", "original-44", "original-39", "original-35", "original-36", "original-43", "original-26", "original-40", "original-30", "original-25", "original-31", "original-29", "original-28", "original-32", "original-48", "original-46", "original-47", "original-67", "original-60", "original-68", "original-70", "original-63", "original-65", "original-61", "original-62", "original-69", "original-52", "original-66", "original-56", "original-51", "original-57", "original-55", "original-54", "original-58", "original-74", "original-73", "original-72", "original-89", "original-96", "original-86", "original-93", "original-92", "original-88", "original-95", "original-87", "original-91", "original-94", "original-78", "original-82", "original-77", "original-83", "original-81", "original-80", "original-84", "original-100", "original-98", "original-99", "original-11", "original-10", "original-15", "original-14", "original-5", "original-2", "original-3", "original-7", "original-4", "original-21", "original-20", "original-8", "original-22", "original-17", "original-6", "original-101", "original-12", "original-18", "original-16", "original-19"], "id": 1, "ori_id": 1, "text": "cabinet"}], "name": "storage_furniture", "objs": ["original-41", "original-34", "original-42", "original-37", "original-44", "original-39", "original-35", "original-36", "original-43", "original-26", "original-40", "original-30", "original-25", "original-31", "original-29", "original-28", "original-32", "original-48", "original-46", "original-47", "original-67", "original-60", "original-68", "original-70", "original-63", "original-65", "original-61", "original-62", "original-69", "original-52", "original-66", "original-56", "original-51", "original-57", "original-55", "original-54", "original-58", "original-74", "original-73", "original-72", "original-89", "original-96", "original-86", "original-93", "original-92", "original-88", "original-95", "original-87", "original-91", "original-94", "original-78", "original-82", "original-77", "original-83", "original-81", "original-80", "original-84", "original-100", "original-98", "original-99", "original-11", "original-10", "original-15", "original-14", "original-5", "original-2", "original-3", "original-7", "original-4", "original-21", "original-20", "original-8", "original-22", "original-17", "original-6", "original-101", "original-12", "original-18", "original-16", "original-19"], "id": 0, "ori_id": 0, "text": "storage_furniture"}]