[{"id":0,"parent":2,"joint":"hinge","name":"cabinet_door","parts":[{"id":14,"name":"cabinet_door_surface","children":[]},{"id":15,"name":"handle","children":[]}],"jointData":{"axis":{"origin":[-0.06925157730966305,0,0.3877265588637183],"direction":[0,1,0]},"limit":{"a":0,"b":90,"noLimit":false}}},{"id":1,"parent":2,"joint":"slider","name":"drawer","parts":[{"id":9,"name":"drawer_front","children":[]},{"id":10,"name":"drawer_side","children":[]},{"id":11,"name":"drawer_side","children":[]},{"id":12,"name":"drawer_back","children":[]},{"id":13,"name":"drawer_bottom","children":[]},{"id":8,"name":"handle","children":[]}],"jointData":{"axis":{"origin":[0,0,0],"direction":[0,0,1]},"limit":{"a":0,"b":0.6,"noLimit":false}}},{"id":2,"parent":-1,"joint":"heavy","name":"shelf","parts":[{"id":4,"name":"shelf","children":[]},{"id":22,"name":"vertical_side_panel","children":[]},{"id":23,"name":"vertical_side_panel","children":[]},{"id":24,"name":"back_panel","children":[]},{"id":25,"name":"bottom_panel","children":[]},{"id":26,"name":"frame_vertical_bar","children":[]},{"id":28,"name":"frame_horizontal_bar","children":[]},{"id":29,"name":"frame_horizontal_bar","children":[]},{"id":30,"name":"frame_horizontal_bar","children":[]},{"id":31,"name":"frame_horizontal_bar","children":[]},{"id":32,"name":"frame_horizontal_bar","children":[]},{"id":33,"name":"frame_horizontal_bar","children":[]},{"id":34,"name":"frame_vertical_bar","children":[]},{"id":36,"name":"vertical_side_panel","children":[]},{"id":37,"name":"frame_vertical_bar","children":[]},{"id":39,"name":"other_leaf","children":[]},{"id":17,"name":"base_side_panel","children":[]},{"id":18,"name":"base_side_panel","children":[]},{"id":19,"name":"base_side_panel","children":[]},{"id":20,"name":"base_side_panel","children":[]}],"jointData":{}}]