[{"name": "storage_furniture", "id": 0, "objs": ["original-16", "original-15", "original-12", "original-11", "original-6", "original-3", "original-8", "original-18", "original-9", "original-22", "original-5", "original-21", "original-7", "original-4", "original-23", "original-24", "original-53", "original-19", "original-13", "original-20", "original-17", "original-2", "original-51", "original-46", "original-47", "original-45", "original-48", "original-50", "original-52", "original-42", "original-38", "original-39", "original-36", "original-37", "original-41", "original-28", "original-27", "original-32", "original-34", "original-33", "original-31", "original-30", "original-43"], "ori_id": 0, "text": "storage_furniture", "children": [{"name": "cabinet", "id": 1, "objs": ["original-16", "original-15", "original-12", "original-11", "original-6", "original-3", "original-8", "original-18", "original-9", "original-22", "original-5", "original-21", "original-7", "original-4", "original-23", "original-24", "original-53", "original-19", "original-13", "original-20", "original-17", "original-2", "original-51", "original-46", "original-47", "original-45", "original-48", "original-50", "original-52", "original-42", "original-38", "original-39", "original-36", "original-37", "original-41", "original-28", "original-27", "original-32", "original-34", "original-33", "original-31", "original-30", "original-43"], "ori_id": 1, "text": "cabinet", "children": [{"name": "cabinet_frame", "id": 2, "objs": ["original-16", "original-15", "original-12", "original-11", "original-6", "original-3", "original-8", "original-18", "original-9", "original-22", "original-5", "original-21", "original-7", "original-4", "original-23", "original-24", "original-53"], "ori_id": 2, "text": "cabinet_frame", "children": [{"name": "vertical_side_panel", "id": 3, "objs": ["original-16", "original-15"], "ori_id": 22, "text": "vertical_side_panel"}, {"name": "vertical_side_panel", "id": 4, "objs": ["original-12", "original-11"], "ori_id": 23, "text": "vertical_side_panel"}, {"name": "back_panel", "id": 5, "objs": ["original-6"], "ori_id": 24, "text": "back_panel"}, {"name": "bottom_panel", "id": 6, "objs": ["original-3"], "ori_id": 25, "text": "bottom_panel"}, {"name": "frame_vertical_bar", "id": 7, "objs": ["original-8"], "ori_id": 26, "text": "frame_vertical_bar"}, {"name": "frame_horizontal_bar", "id": 8, "objs": ["original-18"], "ori_id": 28, "text": "frame_horizontal_bar"}, {"name": "frame_horizontal_bar", "id": 9, "objs": ["original-9"], "ori_id": 29, "text": "frame_horizontal_bar"}, {"name": "frame_horizontal_bar", "id": 10, "objs": ["original-22"], "ori_id": 30, "text": "frame_horizontal_bar"}, {"name": "frame_horizontal_bar", "id": 11, "objs": ["original-5"], "ori_id": 31, "text": "frame_horizontal_bar"}, {"name": "frame_horizontal_bar", "id": 12, "objs": ["original-21"], "ori_id": 32, "text": "frame_horizontal_bar"}, {"name": "frame_horizontal_bar", "id": 13, "objs": ["original-7"], "ori_id": 33, "text": "frame_horizontal_bar"}, {"name": "frame_vertical_bar", "id": 14, "objs": ["original-4"], "ori_id": 34, "text": "frame_vertical_bar"}, {"name": "vertical_side_panel", "id": 15, "objs": ["original-23"], "ori_id": 36, "text": "vertical_side_panel"}, {"name": "frame_vertical_bar", "id": 16, "objs": ["original-24"], "ori_id": 37, "text": "frame_vertical_bar"}]}, {"name": "cabinet_base", "id": 17, "objs": ["original-19", "original-13", "original-20", "original-17"], "ori_id": 3, "text": "cabinet_base", "children": [{"name": "panel_base", "id": 18, "objs": ["original-19", "original-13", "original-20", "original-17"], "ori_id": 16, "text": "panel_base", "children": [{"name": "base_side_panel", "id": 19, "objs": ["original-19"], "ori_id": 17, "text": "base_side_panel"}, {"name": "base_side_panel", "id": 20, "objs": ["original-13"], "ori_id": 18, "text": "base_side_panel"}, {"name": "base_side_panel", "id": 21, "objs": ["original-20"], "ori_id": 19, "text": "base_side_panel"}, {"name": "base_side_panel", "id": 22, "objs": ["original-17"], "ori_id": 20, "text": "base_side_panel"}]}]}, {"name": "shelf", "id": 23, "objs": ["original-2"], "ori_id": 4, "text": "shelf"}, {"name": "cabinet_door", "id": 24, "objs": ["original-51", "original-46", "original-47", "original-45", "original-48", "original-50", "original-52"], "ori_id": 5, "text": "cabinet_door", "children": [{"name": "cabinet_door_surface", "id": 25, "objs": ["original-51", "original-46", "original-47", "original-45", "original-48", "original-50"], "ori_id": 14, "text": "cabinet_door_surface"}, {"name": "handle", "id": 26, "objs": ["original-52"], "ori_id": 15, "text": "handle"}]}, {"name": "drawer", "id": 27, "objs": ["original-42", "original-38", "original-39", "original-36", "original-37", "original-41", "original-28", "original-27", "original-32", "original-34", "original-33", "original-31", "original-30", "original-43"], "ori_id": 6, "text": "drawer", "children": [{"name": "drawer_box", "id": 28, "objs": ["original-42", "original-38", "original-39", "original-36", "original-37", "original-41", "original-28", "original-27", "original-32", "original-34", "original-33", "original-31", "original-30"], "ori_id": 7, "text": "drawer_box", "children": [{"name": "drawer_front", "id": 29, "objs": ["original-42", "original-38", "original-39", "original-36", "original-37", "original-41", "original-28"], "ori_id": 9, "text": "drawer_front"}, {"name": "drawer_side", "id": 30, "objs": ["original-27"], "ori_id": 10, "text": "drawer_side"}, {"name": "drawer_side", "id": 31, "objs": ["original-32", "original-34"], "ori_id": 11, "text": "drawer_side"}, {"name": "drawer_back", "id": 32, "objs": ["original-33"], "ori_id": 12, "text": "drawer_back"}, {"name": "drawer_bottom", "id": 33, "objs": ["original-31", "original-30"], "ori_id": 13, "text": "drawer_bottom"}]}, {"name": "handle", "id": 34, "objs": ["original-43"], "ori_id": 8, "text": "handle"}]}]}]}]