[{"text": "Storage Furniture", "children": [{"text": "Cabinet", "children": [{"text": "Cabinet frame", "children": [{"text": "Vertical side panel", "objs": ["original-16", "original-15"], "id": 22, "name": "vertical_side_panel"}, {"text": "Vertical side panel", "objs": ["original-12", "original-11"], "id": 23, "name": "vertical_side_panel"}, {"text": "Back panel", "objs": ["original-6"], "id": 24, "name": "back_panel"}, {"text": "Bottom panel", "objs": ["original-3"], "id": 25, "name": "bottom_panel"}, {"text": "Vertical support bar", "objs": ["original-8"], "id": 26, "name": "frame_vertical_bar"}, {"text": "Horizontal support bar", "objs": ["original-18"], "id": 28, "name": "frame_horizontal_bar"}, {"text": "Horizontal support bar", "objs": ["original-9"], "id": 29, "name": "frame_horizontal_bar"}, {"text": "Horizontal support bar", "objs": ["original-22"], "id": 30, "name": "frame_horizontal_bar"}, {"text": "Horizontal support bar", "objs": ["original-5"], "id": 31, "name": "frame_horizontal_bar"}, {"text": "Horizontal support bar", "objs": ["original-21"], "id": 32, "name": "frame_horizontal_bar"}, {"text": "Horizontal support bar", "objs": ["original-7"], "id": 33, "name": "frame_horizontal_bar"}, {"text": "Vertical support bar", "objs": ["original-4"], "id": 34, "name": "frame_vertical_bar"}, {"text": "Vertical side panel", "objs": ["original-23"], "id": 36, "name": "vertical_side_panel"}, {"text": "Vertical support bar", "objs": ["original-24"], "id": 37, "name": "frame_vertical_bar"}, {"text": "Rear rectangular port (other)", "children": [{"text": "other_leaf", "objs": ["original-53"], "id": 39, "name": "other_leaf"}], "id": 38, "name": "other"}], "id": 2, "name": "cabinet_frame"}, {"text": "Cabinet Base", "children": [{"text": "Panel Base", "children": [{"text": "Base side panel", "objs": ["original-19"], "id": 17, "name": "base_side_panel"}, {"text": "Base side panel", "objs": ["original-13"], "id": 18, "name": "base_side_panel"}, {"text": "Base side panel", "objs": ["original-20"], "id": 19, "name": "base_side_panel"}, {"text": "Base side panel", "objs": ["original-17"], "id": 20, "name": "base_side_panel"}], "id": 16, "name": "panel_base"}], "id": 3, "name": "cabinet_base"}, {"text": "Shelf", "objs": ["original-2"], "id": 4, "name": "shelf"}, {"text": "Cabinet door", "children": [{"text": "Cabinet door surface", "objs": ["original-51", "original-46", "original-47", "original-45", "original-48", "original-50"], "id": 14, "name": "cabinet_door_surface"}, {"text": "Handle", "objs": ["original-52"], "id": 15, "name": "handle"}], "id": 5, "name": "cabinet_door"}, {"text": "Drawer", "children": [{"text": "Drawer box", "children": [{"text": "Drawer front", "objs": ["original-42", "original-38", "original-39", "original-36", "original-37", "original-41", "original-28"], "id": 9, "name": "drawer_front"}, {"text": "Drawer side", "objs": ["original-27"], "id": 10, "name": "drawer_side"}, {"text": "Drawer side", "objs": ["original-32", "original-34"], "id": 11, "name": "drawer_side"}, {"text": "Drawer back", "objs": ["original-33"], "id": 12, "name": "drawer_back"}, {"text": "Drawer bottom", "objs": ["original-31", "original-30"], "id": 13, "name": "drawer_bottom"}], "id": 7, "name": "drawer_box"}, {"text": "Handle", "objs": ["original-43"], "id": 8, "name": "handle"}], "id": 6, "name": "drawer"}], "id": 1, "name": "cabinet"}], "id": 0, "name": "storage_furniture"}]