[{"id":0,"parent":3,"joint":"slider","name":"drawer","parts":[{"id":29,"name":"drawer_side","children":[]},{"id":30,"name":"drawer_side","children":[]},{"id":31,"name":"drawer_back","children":[]},{"id":32,"name":"drawer_bottom","children":[]},{"id":40,"name":"other_leaf","children":[]},{"id":50,"name":"drawer_front","children":[]},{"id":27,"name":"handle","children":[]}],"jointData":{"axis":{"origin":[-0.014597692446928129,0.1355939233316917,0.3823210000991819],"direction":[0,0,1]},"limit":{"a":0,"b":0.56,"noLimit":false}}},{"id":1,"parent":3,"joint":"slider","name":"drawer","parts":[{"id":54,"name":"drawer_front","children":[]},{"id":55,"name":"drawer_side","children":[]},{"id":56,"name":"drawer_side","children":[]},{"id":57,"name":"drawer_back","children":[]},{"id":64,"name":"other_leaf","children":[]},{"id":65,"name":"drawer_bottom","children":[]},{"id":52,"name":"handle","children":[]}],"jointData":{"axis":{"origin":[-0.03997008715570749,-0.3537111844545615,-0.39077600836753823],"direction":[0,0,1]},"limit":{"a":0,"b":0.56,"noLimit":false}}},{"id":2,"parent":3,"joint":"slider","name":"drawer","parts":[{"id":10,"name":"drawer_side","children":[]},{"id":11,"name":"drawer_side","children":[]},{"id":12,"name":"drawer_back","children":[]},{"id":13,"name":"drawer_bottom","children":[]},{"id":34,"name":"other_leaf","children":[]},{"id":47,"name":"drawer_front","children":[]},{"id":8,"name":"handle","children":[]}],"jointData":{"axis":{"origin":[0.015693511741691507,0.5306184966370497,-0.39077600836753845],"direction":[0,0,1]},"limit":{"a":0,"b":0.56,"noLimit":false}}},{"id":3,"parent":-1,"joint":"heavy","name":"cabinet_frame","parts":[{"id":71,"name":"vertical_side_panel","children":[]},{"id":72,"name":"vertical_side_panel","children":[]},{"id":73,"name":"back_panel","children":[]},{"id":74,"name":"bottom_panel","children":[]},{"id":75,"name":"frame_vertical_bar","children":[]},{"id":76,"name":"frame_vertical_bar","children":[]},{"id":77,"name":"frame_horizontal_bar","children":[]},{"id":78,"name":"frame_horizontal_bar","children":[]},{"id":79,"name":"frame_horizontal_bar","children":[]},{"id":80,"name":"frame_horizontal_bar","children":[]},{"id":81,"name":"frame_horizontal_bar","children":[]},{"id":82,"name":"frame_horizontal_bar","children":[]},{"id":83,"name":"frame_horizontal_bar","children":[]},{"id":85,"name":"other_leaf","children":[]},{"id":67,"name":"base_side_panel","children":[]},{"id":68,"name":"base_side_panel","children":[]},{"id":69,"name":"base_side_panel","children":[]},{"id":70,"name":"base_side_panel","children":[]}],"jointData":{}}]