[{"text": "storage_furniture", "id": 0, "children": [{"text": "cabinet", "id": 1, "children": [{"text": "cabinet_frame", "id": 2, "children": [{"text": "vertical_side_panel", "name": "vertical_side_panel", "objs": ["original-10", "original-11"], "id": 3, "ori_id": 71}, {"text": "vertical_side_panel", "name": "vertical_side_panel", "objs": ["original-15", "original-14"], "id": 4, "ori_id": 72}, {"text": "back_panel", "name": "back_panel", "objs": ["original-5"], "id": 5, "ori_id": 73}, {"text": "bottom_panel", "name": "bottom_panel", "objs": ["original-2"], "id": 6, "ori_id": 74}, {"text": "frame_vertical_bar", "name": "frame_vertical_bar", "objs": ["original-3"], "id": 7, "ori_id": 75}, {"text": "frame_vertical_bar", "name": "frame_vertical_bar", "objs": ["original-7"], "id": 8, "ori_id": 76}, {"text": "frame_horizontal_bar", "name": "frame_horizontal_bar", "objs": ["original-21"], "id": 9, "ori_id": 77}, {"text": "frame_horizontal_bar", "name": "frame_horizontal_bar", "objs": ["original-20"], "id": 10, "ori_id": 78}, {"text": "frame_horizontal_bar", "name": "frame_horizontal_bar", "objs": ["original-8"], "id": 11, "ori_id": 79}, {"text": "frame_horizontal_bar", "name": "frame_horizontal_bar", "objs": ["original-22"], "id": 12, "ori_id": 80}, {"text": "frame_horizontal_bar", "name": "frame_horizontal_bar", "objs": ["original-17"], "id": 13, "ori_id": 81}, {"text": "frame_horizontal_bar", "name": "frame_horizontal_bar", "objs": ["original-6"], "id": 14, "ori_id": 82}, {"text": "frame_horizontal_bar", "name": "frame_horizontal_bar", "objs": ["original-4"], "id": 15, "ori_id": 83}], "name": "cabinet_frame", "objs": ["original-10", "original-11", "original-15", "original-14", "original-5", "original-2", "original-3", "original-7", "original-21", "original-20", "original-8", "original-22", "original-17", "original-6", "original-4", "original-89"], "ori_id": 2}, {"text": "cabinet_base", "id": 16, "children": [{"text": "panel_base", "id": 17, "children": [{"text": "base_side_panel", "name": "base_side_panel", "objs": ["original-12"], "id": 18, "ori_id": 67}, {"text": "base_side_panel", "name": "base_side_panel", "objs": ["original-18"], "id": 19, "ori_id": 68}, {"text": "base_side_panel", "name": "base_side_panel", "objs": ["original-16"], "id": 20, "ori_id": 69}, {"text": "base_side_panel", "name": "base_side_panel", "objs": ["original-19"], "id": 21, "ori_id": 70}], "name": "panel_base", "objs": ["original-12", "original-18", "original-16", "original-19"], "ori_id": 66}], "name": "cabinet_base", "objs": ["original-12", "original-18", "original-16", "original-19"], "ori_id": 3}, {"text": "drawer", "id": 22, "children": [{"text": "drawer_box", "id": 23, "children": [{"text": "drawer_side", "name": "drawer_side", "objs": ["original-47"], "id": 24, "ori_id": 29}, {"text": "drawer_side", "name": "drawer_side", "objs": ["original-52"], "id": 25, "ori_id": 30}, {"text": "drawer_back", "name": "drawer_back", "objs": ["original-53"], "id": 26, "ori_id": 31}, {"text": "drawer_bottom", "name": "drawer_bottom", "objs": ["original-51", "original-50"], "id": 27, "ori_id": 32}, {"text": "drawer_front", "name": "drawer_front", "objs": ["original-62", "original-56", "original-58", "original-59", "original-57", "original-48", "original-61"], "id": 28, "ori_id": 50}], "name": "drawer_box", "objs": ["original-47", "original-52", "original-53", "original-51", "original-50", "original-54", "original-62", "original-56", "original-58", "original-59", "original-57", "original-48", "original-61"], "ori_id": 26}, {"text": "handle", "name": "handle", "objs": ["original-65", "original-64", "original-66"], "id": 29, "ori_id": 27}], "name": "drawer", "objs": ["original-47", "original-52", "original-53", "original-51", "original-50", "original-54", "original-62", "original-56", "original-58", "original-59", "original-57", "original-48", "original-61", "original-65", "original-64", "original-66"], "ori_id": 4}, {"text": "drawer", "id": 30, "children": [{"text": "drawer_box", "id": 31, "children": [{"text": "drawer_front", "name": "drawer_front", "objs": ["original-40", "original-36", "original-37", "original-34", "original-35", "original-26", "original-39"], "id": 32, "ori_id": 54}, {"text": "drawer_side", "name": "drawer_side", "objs": ["original-25"], "id": 33, "ori_id": 55}, {"text": "drawer_side", "name": "drawer_side", "objs": ["original-30"], "id": 34, "ori_id": 56}, {"text": "drawer_back", "name": "drawer_back", "objs": ["original-31"], "id": 35, "ori_id": 57}, {"text": "drawer_bottom", "name": "drawer_bottom", "objs": ["original-29", "original-28"], "id": 36, "ori_id": 65}], "name": "drawer_box", "objs": ["original-40", "original-36", "original-37", "original-34", "original-35", "original-26", "original-39", "original-25", "original-30", "original-31", "original-32", "original-29", "original-28"], "ori_id": 51}, {"text": "handle", "name": "handle", "objs": ["original-43", "original-44", "original-42"], "id": 37, "ori_id": 52}], "name": "drawer", "objs": ["original-40", "original-36", "original-37", "original-34", "original-35", "original-26", "original-39", "original-25", "original-30", "original-31", "original-32", "original-29", "original-28", "original-43", "original-44", "original-42"], "ori_id": 5}, {"text": "drawer", "id": 38, "children": [{"text": "drawer_box", "id": 39, "children": [{"text": "drawer_side", "name": "drawer_side", "objs": ["original-74"], "id": 40, "ori_id": 10}, {"text": "drawer_side", "name": "drawer_side", "objs": ["original-69"], "id": 41, "ori_id": 11}, {"text": "drawer_back", "name": "drawer_back", "objs": ["original-75"], "id": 42, "ori_id": 12}, {"text": "drawer_bottom", "name": "drawer_bottom", "objs": ["original-73", "original-72"], "id": 43, "ori_id": 13}, {"text": "drawer_front", "name": "drawer_front", "objs": ["original-80", "original-84", "original-78", "original-81", "original-79", "original-83", "original-70"], "id": 44, "ori_id": 47}], "name": "drawer_box", "objs": ["original-74", "original-69", "original-75", "original-73", "original-72", "original-76", "original-80", "original-84", "original-78", "original-81", "original-79", "original-83", "original-70"], "ori_id": 7}, {"text": "handle", "name": "handle", "objs": ["original-86", "original-88", "original-87"], "id": 45, "ori_id": 8}], "name": "drawer", "objs": ["original-74", "original-69", "original-75", "original-73", "original-72", "original-76", "original-80", "original-84", "original-78", "original-81", "original-79", "original-83", "original-70", "original-86", "original-88", "original-87"], "ori_id": 6}], "name": "cabinet", "objs": ["original-10", "original-11", "original-15", "original-14", "original-5", "original-2", "original-3", "original-7", "original-21", "original-20", "original-8", "original-22", "original-17", "original-6", "original-4", "original-89", "original-12", "original-18", "original-16", "original-19", "original-47", "original-52", "original-53", "original-51", "original-50", "original-54", "original-62", "original-56", "original-58", "original-59", "original-57", "original-48", "original-61", "original-65", "original-64", "original-66", "original-40", "original-36", "original-37", "original-34", "original-35", "original-26", "original-39", "original-25", "original-30", "original-31", "original-32", "original-29", "original-28", "original-43", "original-44", "original-42", "original-74", "original-69", "original-75", "original-73", "original-72", "original-76", "original-80", "original-84", "original-78", "original-81", "original-79", "original-83", "original-70", "original-86", "original-88", "original-87"], "ori_id": 1}], "name": "storage_furniture", "objs": ["original-10", "original-11", "original-15", "original-14", "original-5", "original-2", "original-3", "original-7", "original-21", "original-20", "original-8", "original-22", "original-17", "original-6", "original-4", "original-89", "original-12", "original-18", "original-16", "original-19", "original-47", "original-52", "original-53", "original-51", "original-50", "original-54", "original-62", "original-56", "original-58", "original-59", "original-57", "original-48", "original-61", "original-65", "original-64", "original-66", "original-40", "original-36", "original-37", "original-34", "original-35", "original-26", "original-39", "original-25", "original-30", "original-31", "original-32", "original-29", "original-28", "original-43", "original-44", "original-42", "original-74", "original-69", "original-75", "original-73", "original-72", "original-76", "original-80", "original-84", "original-78", "original-81", "original-79", "original-83", "original-70", "original-86", "original-88", "original-87"], "ori_id": 0}]