[{"text": "Storage Furniture", "children": [{"text": "Cabinet", "children": [{"text": "Cabinet frame", "children": [{"text": "Vertical side panel", "objs": ["original-10", "original-11"], "id": 71, "name": "vertical_side_panel"}, {"text": "Vertical side panel", "objs": ["original-15", "original-14"], "id": 72, "name": "vertical_side_panel"}, {"text": "Back panel", "objs": ["original-5"], "id": 73, "name": "back_panel"}, {"text": "Bottom panel", "objs": ["original-2"], "id": 74, "name": "bottom_panel"}, {"text": "Vertical support bar", "objs": ["original-3"], "id": 75, "name": "frame_vertical_bar"}, {"text": "Vertical support bar", "objs": ["original-7"], "id": 76, "name": "frame_vertical_bar"}, {"text": "Horizontal support bar", "objs": ["original-21"], "id": 77, "name": "frame_horizontal_bar"}, {"text": "Horizontal support bar", "objs": ["original-20"], "id": 78, "name": "frame_horizontal_bar"}, {"text": "Horizontal support bar", "objs": ["original-8"], "id": 79, "name": "frame_horizontal_bar"}, {"text": "Horizontal support bar", "objs": ["original-22"], "id": 80, "name": "frame_horizontal_bar"}, {"text": "Horizontal support bar", "objs": ["original-17"], "id": 81, "name": "frame_horizontal_bar"}, {"text": "Horizontal support bar", "objs": ["original-6"], "id": 82, "name": "frame_horizontal_bar"}, {"text": "Horizontal support bar", "objs": ["original-4"], "id": 83, "name": "frame_horizontal_bar"}, {"name": "other", "text": "rectangle (other)", "children": [{"objs": ["original-89"], "name": "other_leaf", "text": "other_leaf", "id": 85, "conf_score": "3", "low_conf_reason": "\u957f\u65b9\u5f62\u957f\u65b9\u5f62\u9634\u5f71\u81ea\u5df1\u6807\u6ce8"}], "conf_score": "3", "id": 84, "low_conf_reason": "\u957f\u65b9\u5f62\u957f\u65b9\u5f62\u9634\u5f71\u81ea\u5df1\u6807\u6ce8"}], "id": 2, "name": "cabinet_frame"}, {"text": "Cabinet Base", "children": [{"text": "Panel Base", "children": [{"text": "Base side panel", "objs": ["original-12"], "id": 67, "name": "base_side_panel"}, {"text": "Base side panel", "objs": ["original-18"], "id": 68, "name": "base_side_panel"}, {"text": "Base side panel", "objs": ["original-16"], "id": 69, "name": "base_side_panel"}, {"text": "Base side panel", "objs": ["original-19"], "id": 70, "name": "base_side_panel"}], "id": 66, "name": "panel_base"}], "id": 3, "name": "cabinet_base"}, {"text": "Drawer", "children": [{"text": "Drawer box", "children": [{"text": "Drawer side", "objs": ["original-47"], "id": 29, "name": "drawer_side"}, {"text": "Drawer side", "objs": ["original-52"], "id": 30, "name": "drawer_side"}, {"text": "Drawer back", "objs": ["original-53"], "id": 31, "name": "drawer_back"}, {"text": "Drawer bottom", "objs": ["original-51", "original-50"], "id": 32, "name": "drawer_bottom"}, {"name": "other", "text": "rectangle (other)", "children": [{"objs": ["original-54"], "name": "other_leaf", "text": "other_leaf", "id": 40, "conf_score": "3", "low_conf_reason": "\u957f\u65b9\u5f62\u9634\u5f71\u90e8\u5206\u81ea\u5df1\u6807\u6ce8"}], "conf_score": "3", "id": 39, "low_conf_reason": "\u957f\u65b9\u5f62\u9634\u5f71\u90e8\u5206"}, {"text": "Drawer front", "objs": ["original-62", "original-56", "original-58", "original-59", "original-57", "original-48", "original-61"], "id": 50, "name": "drawer_front"}], "id": 26, "name": "drawer_box"}, {"text": "Handle", "objs": ["original-65", "original-64", "original-66"], "id": 27, "name": "handle"}], "id": 4, "name": "drawer"}, {"text": "Drawer", "children": [{"text": "Drawer box", "children": [{"text": "Drawer front", "objs": ["original-40", "original-36", "original-37", "original-34", "original-35", "original-26", "original-39"], "id": 54, "name": "drawer_front"}, {"text": "Drawer side", "objs": ["original-25"], "id": 55, "name": "drawer_side"}, {"text": "Drawer side", "objs": ["original-30"], "id": 56, "name": "drawer_side"}, {"text": "Drawer back", "objs": ["original-31"], "id": 57, "name": "drawer_back"}, {"name": "other", "text": "Rectangular rectangular shadow (other)", "children": [{"objs": ["original-32"], "name": "other_leaf", "text": "other_leaf", "id": 64, "conf_score": "3", "low_conf_reason": "\u957f\u65b9\u5f62\u957f\u65b9\u5f62\u9634\u5f71\u81ea\u5df1\u6807\u6ce8"}], "conf_score": "3", "id": 59, "low_conf_reason": "\u957f\u65b9\u5f62\u957f\u65b9\u5f62\u9634\u5f71\u81ea\u5df1\u6807\u6ce8"}, {"text": "Drawer bottom", "objs": ["original-29", "original-28"], "id": 65, "name": "drawer_bottom"}], "id": 51, "name": "drawer_box"}, {"text": "Handle", "objs": ["original-43", "original-44", "original-42"], "id": 52, "name": "handle"}], "id": 5, "name": "drawer"}, {"text": "Drawer", "children": [{"text": "Drawer box", "children": [{"text": "Drawer side", "objs": ["original-74"], "id": 10, "name": "drawer_side"}, {"text": "Drawer side", "objs": ["original-69"], "id": 11, "name": "drawer_side"}, {"text": "Drawer back", "objs": ["original-75"], "id": 12, "name": "drawer_back"}, {"text": "Drawer bottom", "objs": ["original-73", "original-72"], "id": 13, "name": "drawer_bottom"}, {"name": "other", "text": "rectangle (other)", "children": [{"text": "other_leaf", "objs": ["original-76"], "id": 34, "name": "other_leaf"}], "conf_score": "3", "id": 15, "low_conf_reason": "\u957f\u65b9\u5f62\u9634\u5f71"}, {"text": "Drawer front", "objs": ["original-80", "original-84", "original-78", "original-81", "original-79", "original-83", "original-70"], "id": 47, "name": "drawer_front"}], "id": 7, "name": "drawer_box"}, {"text": "Handle", "objs": ["original-86", "original-88", "original-87"], "id": 8, "name": "handle"}], "id": 6, "name": "drawer"}], "id": 1, "name": "cabinet"}], "id": 0, "name": "storage_furniture"}]